172.0,258.0,243.0,225.0,221.0,221.0,214.0,240.0,262.0,225.0,224.0,247.0,236.0,224.0,245.0,255.0,254.0,215.0,205.0,235.0,272.0,251.0,226.0,217.0,243.0,245.0,229.0,222.0,246.0,238.0,210.0,227.0,244.0,251.0,242.0,234.0,235.0,214.0,223.0,249.0,233.0,244.0,235.0,243.0,228.0,246.0,244.0,234.0,211.0,247.0,220.0
172.01005025125627,246.0,253.0,225.0,234.0,256.0,229.0,233.0,217.0,262.0,237.0,243.0,216.0,214.0,242.0,253.0,230.0,260.0,234.0,251.0,235.0,222.0,247.0,247.0,237.0,228.0,211.0,232.0,249.0,214.0,219.0,208.0,237.0,218.0,243.0,244.0,219.0,273.0,245.0,229.0,253.0,227.0,232.0,244.0,242.0,254.0,242.0,223.0,211.0,229.0,238.0
172.02010050251258,228.0,223.0,225.0,237.0,244.0,233.0,215.0,236.0,262.0,263.0,232.0,250.0,218.0,265.0,245.0,243.0,243.0,229.0,241.0,232.0,228.0,225.0,247.0,270.0,235.0,244.0,247.0,234.0,251.0,222.0,221.0,255.0,274.0,211.0,231.0,253.0,226.0,235.0,232.0,253.0,240.0,235.0,245.0,211.0,247.0,232.0,259.0,235.0,255.0,241.0
172.03015075376885,237.0,238.0,224.0,247.0,261.0,222.0,252.0,245.0,206.0,255.0,212.0,244.0,230.0,208.0,227.0,233.0,227.0,212.0,220.0,212.0,250.0,261.0,222.0,233.0,225.0,245.0,232.0,237.0,234.0,232.0,230.0,238.0,253.0,240.0,225.0,247.0,232.0,232.0,226.0,264.0,228.0,238.0,238.0,218.0,204.0,225.0,255.0,244.0,257.0,249.0
172.04020100502512,230.0,270.0,206.0,212.0,254.0,234.0,214.0,200.0,233.0,241.0,247.0,223.0,251.0,218.0,234.0,213.0,227.0,232.0,217.0,256.0,271.0,217.0,229.0,247.0,213.0,255.0,231.0,236.0,251.0,226.0,219.0,229.0,255.0,253.0,244.0,208.0,241.0,249.0,220.0,243.0,249.0,247.0,228.0,253.0,221.0,222.0,216.0,235.0,226.0,237.0
172.0502512562814,241.0,218.0,259.0,236.0,245.0,235.0,226.0,229.0,244.0,230.0,253.0,245.0,213.0,223.0,248.0,225.0,232.0,221.0,232.0,215.0,219.0,238.0,242.0,257.0,246.0,250.0,209.0,218.0,246.0,228.0,233.0,253.0,218.0,250.0,223.0,275.0,273.0,232.0,218.0,258.0,243.0,230.0,230.0,240.0,250.0,247.0,226.0,269.0,250.0,234.0
172.0603015075377,242.0,226.0,253.0,248.0,218.0,213.0,224.0,223.0,231.0,244.0,253.0,242.0,238.0,185.0,213.0,229.0,243.0,258.0,247.0,224.0,222.0,236.0,236.0,210.0,216.0,249.0,219.0,236.0,253.0,210.0,228.0,214.0,240.0,235.0,217.0,261.0,250.0,250.0,256.0,232.0,234.0,235.0,244.0,245.0,227.0,258.0,222.0,241.0,238.0,239.0
172.07035175879398,212.0,249.0,222.0,231.0,226.0,251.0,255.0,237.0,221.0,230.0,252.0,236.0,232.0,234.0,235.0,227.0,242.0,243.0,229.0,262.0,238.0,237.0,240.0,248.0,242.0,223.0,249.0,220.0,248.0,220.0,246.0,223.0,226.0,218.0,225.0,239.0,255.0,242.0,231.0,203.0,255.0,198.0,259.0,253.0,241.0,245.0,241.0,241.0,240.0,221.0
172.08040201005025,237.0,219.0,227.0,234.0,223.0,245.0,213.0,213.0,242.0,252.0,250.0,236.0,247.0,240.0,226.0,229.0,236.0,248.0,210.0,224.0,234.0,195.0,204.0,227.0,243.0,226.0,240.0,242.0,236.0,246.0,240.0,239.0,215.0,207.0,232.0,238.0,222.0,243.0,217.0,229.0,217.0,231.0,264.0,235.0,235.0,244.0,235.0,230.0,225.0,242.0
172.09045226130652,235.0,217.0,243.0,225.0,256.0,231.0,223.0,234.0,236.0,254.0,261.0,227.0,245.0,246.0,237.0,239.0,248.0,242.0,235.0,253.0,229.0,232.0,249.0,221.0,244.0,237.0,206.0,235.0,246.0,216.0,239.0,239.0,226.0,232.0,257.0,236.0,242.0,247.0,229.0,243.0,228.0,238.0,259.0,235.0,245.0,223.0,237.0,232.0,242.0,240.0
172.10050251256283,247.0,238.0,261.0,218.0,221.0,253.0,222.0,240.0,221.0,246.0,252.0,262.0,265.0,227.0,242.0,233.0,249.0,248.0,249.0,237.0,226.0,216.0,224.0,234.0,226.0,244.0,237.0,241.0,245.0,225.0,227.0,262.0,226.0,233.0,217.0,238.0,235.0,227.0,241.0,218.0,245.0,235.0,274.0,247.0,218.0,261.0,241.0,231.0,247.0,208.0
172.1105527638191,230.0,238.0,258.0,253.0,232.0,253.0,241.0,209.0,214.0,246.0,252.0,248.0,249.0,224.0,271.0,234.0,209.0,248.0,264.0,219.0,235.0,242.0,256.0,229.0,244.0,245.0,223.0,239.0,253.0,223.0,225.0,253.0,258.0,202.0,244.0,253.0,220.0,240.0,238.0,247.0,252.0,209.0,255.0,227.0,242.0,236.0,206.0,237.0,244.0,218.0
172.12060301507537,220.0,239.0,260.0,222.0,241.0,241.0,244.0,238.0,219.0,249.0,234.0,218.0,214.0,217.0,260.0,209.0,229.0,221.0,240.0,255.0,241.0,238.0,244.0,224.0,263.0,215.0,214.0,228.0,264.0,234.0,249.0,213.0,240.0,218.0,242.0,226.0,225.0,244.0,235.0,224.0,220.0,239.0,253.0,253.0,213.0,245.0,235.0,236.0,239.0,231.0
172.13065326633165,238.0,230.0,225.0,250.0,219.0,242.0,238.0,229.0,238.0,232.0,239.0,212.0,232.0,232.0,235.0,247.0,274.0,203.0,222.0,260.0,239.0,225.0,209.0,229.0,251.0,225.0,252.0,228.0,254.0,230.0,244.0,206.0,229.0,240.0,230.0,247.0,243.0,249.0,242.0,257.0,210.0,235.0,253.0,228.0,229.0,223.0,211.0,238.0,240.0,262.0
172.14070351758795,222.0,214.0,257.0,212.0,233.0,236.0,244.0,228.0,238.0,239.0,212.0,242.0,229.0,239.0,249.0,236.0,236.0,250.0,228.0,240.0,238.0,219.0,242.0,220.0,233.0,255.0,228.0,239.0,230.0,239.0,233.0,263.0,193.0,228.0,262.0,244.0,227.0,225.0,241.0,208.0,252.0,238.0,233.0,227.0,242.0,253.0,212.0,233.0,220.0,285.0
172.15075376884423,223.0,246.0,214.0,235.0,258.0,243.0,240.0,210.0,252.0,227.0,220.0,255.0,248.0,238.0,252.0,220.0,254.0,252.0,210.0,241.0,225.0,226.0,256.0,222.0,258.0,224.0,241.0,217.0,264.0,259.0,249.0,234.0,227.0,234.0,240.0,235.0,250.0,252.0,236.0,224.0,216.0,241.0,229.0,214.0,236.0,236.0,270.0,242.0,242.0,255.0
172.1608040201005,242.0,218.0,262.0,231.0,225.0,209.0,218.0,223.0,237.0,222.0,223.0,236.0,233.0,231.0,250.0,251.0,257.0,243.0,226.0,246.0,229.0,247.0,243.0,219.0,237.0,245.0,248.0,245.0,211.0,265.0,240.0,230.0,230.0,243.0,244.0,218.0,253.0,213.0,248.0,232.0,232.0,227.0,243.0,232.0,229.0,256.0,226.0,222.0,225.0,237.0
172.17085427135677,222.0,246.0,240.0,220.0,227.0,248.0,236.0,233.0,259.0,239.0,219.0,229.0,242.0,235.0,211.0,208.0,205.0,247.0,252.0,253.0,261.0,259.0,197.0,243.0,225.0,249.0,208.0,264.0,220.0,270.0,213.0,237.0,219.0,209.0,237.0,247.0,242.0,247.0,242.0,250.0,241.0,244.0,239.0,233.0,235.0,243.0,222.0,222.0,243.0,218.0
172.18090452261308,209.0,225.0,226.0,247.0,219.0,240.0,228.0,231.0,244.0,241.0,259.0,247.0,226.0,208.0,221.0,212.0,214.0,236.0,244.0,220.0,247.0,234.0,217.0,225.0,235.0,233.0,216.0,222.0,212.0,205.0,222.0,271.0,231.0,221.0,253.0,234.0,233.0,255.0,211.0,243.0,228.0,223.0,205.0,226.0,236.0,247.0,257.0,259.0,248.0,236.0
172.19095477386935,221.0,240.0,241.0,217.0,235.0,222.0,239.0,240.0,200.0,221.0,235.0,227.0,235.0,205.0,223.0,217.0,240.0,253.0,244.0,239.0,220.0,235.0,256.0,276.0,230.0,230.0,213.0,223.0,198.0,236.0,240.0,233.0,241.0,247.0,220.0,212.0,247.0,234.0,231.0,226.0,205.0,226.0,248.0,198.0,227.0,224.0,254.0,262.0,251.0,217.0
172.20100502512562,232.0,256.0,197.0,255.0,237.0,241.0,228.0,232.0,254.0,248.0,225.0,229.0,238.0,235.0,208.0,227.0,232.0,230.0,214.0,254.0,242.0,217.0,210.0,239.0,210.0,199.0,225.0,233.0,248.0,233.0,234.0,245.0,211.0,239.0,226.0,224.0,200.0,245.0,240.0,248.0,272.0,238.0,218.0,254.0,250.0,226.0,269.0,233.0,238.0,229.0
172.2110552763819,239.0,239.0,270.0,226.0,248.0,235.0,236.0,228.0,205.0,248.0,217.0,232.0,239.0,232.0,256.0,227.0,231.0,197.0,232.0,241.0,227.0,226.0,252.0,234.0,219.0,255.0,242.0,217.0,240.0,208.0,214.0,224.0,231.0,233.0,210.0,256.0,244.0,248.0,242.0,221.0,207.0,209.0,209.0,215.0,241.0,230.0,238.0,238.0,228.0,240.0
172.2211055276382,248.0,252.0,249.0,220.0,224.0,251.0,227.0,212.0,243.0,224.0,232.0,229.0,232.0,236.0,222.0,223.0,249.0,233.0,247.0,233.0,244.0,237.0,238.0,250.0,238.0,252.0,237.0,233.0,274.0,221.0,227.0,222.0,245.0,227.0,238.0,239.0,252.0,212.0,244.0,222.0,228.0,221.0,223.0,210.0,230.0,253.0,234.0,214.0,248.0,243.0
172.23115577889448,256.0,245.0,244.0,232.0,217.0,248.0,254.0,212.0,241.0,230.0,250.0,231.0,223.0,207.0,232.0,223.0,231.0,222.0,214.0,238.0,238.0,236.0,247.0,229.0,224.0,242.0,250.0,218.0,250.0,243.0,217.0,245.0,255.0,258.0,237.0,237.0,241.0,248.0,233.0,259.0,255.0,237.0,267.0,240.0,219.0,230.0,231.0,236.0,215.0,209.0
172.24120603015075,217.0,248.0,241.0,245.0,225.0,238.0,240.0,210.0,230.0,232.0,203.0,246.0,253.0,253.0,212.0,225.0,237.0,249.0,260.0,234.0,234.0,259.0,239.0,248.0,251.0,234.0,235.0,252.0,259.0,243.0,248.0,222.0,223.0,209.0,237.0,234.0,250.0,233.0,244.0,244.0,251.0,209.0,244.0,207.0,246.0,226.0,264.0,225.0,240.0,241.0
172.25125628140702,232.0,237.0,226.0,240.0,225.0,233.0,251.0,233.0,241.0,209.0,226.0,251.0,224.0,218.0,238.0,210.0,243.0,241.0,242.0,246.0,236.0,206.0,226.0,248.0,245.0,247.0,251.0,215.0,221.0,217.0,252.0,219.0,226.0,234.0,240.0,249.0,246.0,252.0,228.0,249.0,230.0,214.0,233.0,209.0,237.0,224.0,240.0,233.0,224.0,236.0
172.26130653266333,247.0,231.0,267.0,213.0,252.0,222.0,250.0,228.0,254.0,253.0,228.0,221.0,241.0,223.0,216.0,242.0,213.0,221.0,230.0,229.0,241.0,233.0,227.0,236.0,210.0,233.0,242.0,238.0,210.0,233.0,228.0,241.0,212.0,232.0,219.0,203.0,243.0,240.0,249.0,249.0,255.0,233.0,227.0,227.0,240.0,253.0,203.0,245.0,222.0,227.0
172.2713567839196,203.0,244.0,227.0,263.0,232.0,228.0,245.0,216.0,215.0,235.0,231.0,247.0,216.0,217.0,256.0,262.0,221.0,246.0,231.0,229.0,230.0,234.0,225.0,245.0,249.0,238.0,233.0,235.0,254.0,279.0,252.0,239.0,237.0,243.0,259.0,217.0,235.0,235.0,243.0,228.0,241.0,223.0,238.0,229.0,208.0,237.0,220.0,231.0,240.0,230.0
172.28140703517587,236.0,274.0,238.0,287.0,243.0,244.0,227.0,237.0,221.0,243.0,248.0,226.0,216.0,240.0,257.0,226.0,254.0,228.0,266.0,259.0,225.0,224.0,241.0,222.0,257.0,240.0,238.0,249.0,215.0,224.0,268.0,260.0,239.0,251.0,253.0,217.0,225.0,206.0,228.0,248.0,219.0,219.0,232.0,210.0,264.0,228.0,234.0,210.0,224.0,242.0
172.29145728643215,229.0,241.0,210.0,226.0,242.0,227.0,219.0,235.0,205.0,247.0,233.0,261.0,252.0,260.0,242.0,204.0,235.0,242.0,229.0,267.0,252.0,213.0,255.0,216.0,253.0,238.0,235.0,217.0,218.0,249.0,218.0,233.0,248.0,232.0,237.0,224.0,225.0,231.0,224.0,200.0,238.0,246.0,220.0,227.0,254.0,245.0,239.0,234.0,245.0,216.0
172.30150753768845,203.0,217.0,247.0,250.0,213.0,215.0,246.0,222.0,234.0,238.0,236.0,228.0,240.0,233.0,240.0,257.0,226.0,237.0,214.0,233.0,226.0,222.0,240.0,237.0,240.0,225.0,232.0,233.0,261.0,218.0,265.0,236.0,237.0,235.0,218.0,186.0,215.0,236.0,235.0,259.0,242.0,231.0,253.0,226.0,238.0,237.0,237.0,209.0,234.0,210.0
172.31155778894473,275.0,253.0,243.0,240.0,233.0,249.0,236.0,232.0,235.0,210.0,240.0,222.0,236.0,262.0,209.0,200.0,234.0,261.0,233.0,224.0,233.0,235.0,229.0,236.0,234.0,234.0,249.0,231.0,220.0,227.0,244.0,226.0,227.0,229.0,244.0,234.0,217.0,231.0,256.0,262.0,236.0,251.0,251.0,221.0,238.0,237.0,258.0,212.0,236.0,224.0
172.321608040201,263.0,231.0,207.0,240.0,265.0,258.0,220.0,247.0,251.0,220.0,241.0,247.0,241.0,251.0,224.0,257.0,204.0,233.0,235.0,245.0,251.0,217.0,238.0,217.0,232.0,270.0,255.0,223.0,253.0,217.0,250.0,235.0,233.0,266.0,261.0,221.0,241.0,242.0,238.0,202.0,228.0,230.0,227.0,238.0,254.0,231.0,242.0,246.0,222.0,248.0
172.33165829145727,237.0,233.0,232.0,246.0,239.0,226.0,226.0,246.0,220.0,230.0,261.0,213.0,242.0,238.0,253.0,224.0,236.0,257.0,252.0,232.0,243.0,231.0,210.0,251.0,230.0,256.0,231.0,219.0,258.0,254.0,235.0,223.0,219.0,240.0,231.0,249.0,238.0,224.0,222.0,219.0,247.0,240.0,248.0,225.0,238.0,233.0,233.0,223.0,246.0,230.0
172.34170854271358,212.0,243.0,249.0,229.0,238.0,219.0,241.0,258.0,227.0,251.0,223.0,257.0,200.0,255.0,236.0,238.0,224.0,216.0,261.0,222.0,241.0,234.0,246.0,221.0,216.0,227.0,230.0,207.0,257.0,227.0,225.0,230.0,220.0,234.0,215.0,221.0,229.0,224.0,204.0,246.0,235.0,236.0,245.0,261.0,203.0,235.0,234.0,223.0,234.0,225.0
172.35175879396985,217.0,248.0,229.0,225.0,259.0,239.0,221.0,237.0,204.0,217.0,248.0,227.0,250.0,229.0,258.0,231.0,276.0,222.0,240.0,272.0,225.0,231.0,249.0,217.0,221.0,243.0,232.0,238.0,228.0,230.0,232.0,227.0,230.0,247.0,260.0,241.0,237.0,241.0,247.0,254.0,229.0,225.0,220.0,262.0,253.0,234.0,256.0,265.0,239.0,242.0
172.36180904522612,216.0,209.0,259.0,229.0,231.0,252.0,237.0,231.0,226.0,242.0,242.0,216.0,248.0,235.0,256.0,235.0,244.0,249.0,264.0,251.0,237.0,224.0,230.0,269.0,241.0,216.0,263.0,242.0,244.0,244.0,229.0,225.0,218.0,263.0,244.0,216.0,242.0,259.0,197.0,228.0,237.0,251.0,228.0,253.0,228.0,243.0,216.0,221.0,238.0,245.0
172.3718592964824,246.0,232.0,208.0,218.0,265.0,233.0,226.0,237.0,218.0,245.0,253.0,214.0,254.0,234.0,231.0,227.0,241.0,221.0,225.0,230.0,218.0,260.0,244.0,258.0,224.0,248.0,263.0,233.0,257.0,240.0,209.0,249.0,234.0,251.0,249.0,236.0,235.0,252.0,214.0,229.0,246.0,216.0,257.0,230.0,231.0,234.0,240.0,214.0,236.0,228.0
172.3819095477387,243.0,247.0,241.0,227.0,217.0,214.0,240.0,236.0,246.0,238.0,250.0,250.0,237.0,230.0,245.0,213.0,286.0,226.0,259.0,247.0,251.0,220.0,216.0,230.0,247.0,226.0,234.0,244.0,242.0,250.0,212.0,252.0,238.0,244.0,223.0,244.0,238.0,244.0,242.0,254.0,249.0,241.0,237.0,215.0,267.0,241.0,234.0,249.0,250.0,243.0
172.39195979899498,236.0,264.0,234.0,257.0,194.0,236.0,252.0,270.0,243.0,260.0,237.0,242.0,236.0,238.0,249.0,248.0,242.0,244.0,222.0,221.0,222.0,242.0,247.0,267.0,234.0,236.0,246.0,222.0,223.0,247.0,227.0,239.0,218.0,246.0,221.0,217.0,221.0,262.0,247.0,237.0,237.0,225.0,221.0,244.0,228.0,212.0,223.0,226.0,224.0,252.0
172.40201005025125,218.0,230.0,236.0,254.0,228.0,231.0,242.0,207.0,227.0,226.0,222.0,228.0,254.0,264.0,242.0,241.0,247.0,212.0,229.0,229.0,242.0,221.0,229.0,239.0,266.0,238.0,245.0,258.0,230.0,245.0,244.0,231.0,238.0,240.0,233.0,240.0,219.0,227.0,249.0,249.0,241.0,264.0,277.0,251.0,237.0,238.0,239.0,256.0,248.0,253.0
172.41206030150755,252.0,256.0,240.0,241.0,204.0,242.0,256.0,254.0,228.0,215.0,246.0,228.0,240.0,236.0,246.0,210.0,227.0,228.0,238.0,237.0,235.0,249.0,247.0,199.0,236.0,255.0,257.0,254.0,238.0,226.0,215.0,246.0,265.0,262.0,250.0,215.0,235.0,235.0,224.0,223.0,226.0,244.0,219.0,233.0,236.0,247.0,215.0,233.0,235.0,228.0
172.42211055276383,229.0,240.0,248.0,213.0,268.0,233.0,257.0,256.0,256.0,243.0,270.0,222.0,262.0,245.0,270.0,208.0,239.0,227.0,222.0,247.0,224.0,277.0,232.0,244.0,233.0,214.0,219.0,258.0,219.0,253.0,212.0,223.0,233.0,252.0,225.0,200.0,228.0,232.0,241.0,215.0,216.0,212.0,240.0,272.0,236.0,258.0,269.0,240.0,238.0,202.0
172.4321608040201,262.0,228.0,227.0,221.0,242.0,256.0,247.0,247.0,249.0,253.0,266.0,225.0,229.0,237.0,267.0,240.0,219.0,227.0,259.0,230.0,212.0,226.0,216.0,222.0,227.0,253.0,224.0,225.0,216.0,253.0,245.0,228.0,234.0,268.0,230.0,228.0,233.0,249.0,256.0,249.0,256.0,233.0,264.0,214.0,236.0,247.0,232.0,237.0,207.0,252.0
172.44221105527637,203.0,223.0,228.0,237.0,242.0,244.0,229.0,239.0,217.0,245.0,264.0,209.0,250.0,227.0,252.0,219.0,257.0,224.0,228.0,215.0,247.0,248.0,268.0,236.0,243.0,239.0,259.0,225.0,238.0,253.0,257.0,240.0,228.0,237.0,235.0,243.0,252.0,228.0,224.0,240.0,234.0,238.0,230.0,250.0,243.0,241.0,269.0,249.0,247.0,237.0
172.45226130653268,270.0,261.0,241.0,215.0,242.0,248.0,260.0,220.0,212.0,234.0,255.0,233.0,231.0,220.0,251.0,228.0,250.0,233.0,237.0,230.0,237.0,238.0,250.0,220.0,248.0,230.0,228.0,240.0,216.0,234.0,240.0,219.0,236.0,224.0,240.0,247.0,232.0,232.0,253.0,241.0,248.0,233.0,231.0,239.0,246.0,231.0,235.0,223.0,232.0,242.0
172.46231155778895,234.0,245.0,237.0,258.0,230.0,226.0,238.0,230.0,249.0,244.0,248.0,226.0,244.0,250.0,266.0,234.0,211.0,213.0,225.0,251.0,239.0,224.0,218.0,205.0,259.0,238.0,246.0,242.0,236.0,245.0,233.0,226.0,274.0,245.0,236.0,247.0,215.0,219.0,214.0,241.0,244.0,222.0,217.0,235.0,246.0,247.0,246.0,238.0,232.0,233.0
172.47236180904522,221.0,265.0,210.0,240.0,256.0,230.0,204.0,194.0,229.0,222.0,229.0,247.0,252.0,233.0,264.0,241.0,244.0,255.0,218.0,245.0,233.0,244.0,217.0,241.0,216.0,230.0,228.0,210.0,223.0,268.0,223.0,233.0,228.0,227.0,257.0,212.0,227.0,253.0,258.0,224.0,234.0,247.0,240.0,231.0,240.0,250.0,229.0,222.0,217.0,252.0
172.4824120603015,261.0,238.0,238.0,228.0,220.0,234.0,223.0,241.0,237.0,227.0,239.0,223.0,244.0,248.0,232.0,244.0,230.0,235.0,204.0,231.0,229.0,230.0,229.0,281.0,278.0,230.0,246.0,265.0,230.0,250.0,259.0,227.0,240.0,220.0,238.0,204.0,226.0,232.0,210.0,225.0,242.0,211.0,235.0,222.0,225.0,243.0,212.0,256.0,206.0,234.0
172.4924623115578,251.0,223.0,252.0,252.0,257.0,245.0,224.0,229.0,253.0,194.0,220.0,257.0,244.0,243.0,255.0,210.0,250.0,236.0,214.0,220.0,243.0,240.0,255.0,217.0,255.0,205.0,204.0,231.0,222.0,251.0,221.0,238.0,242.0,238.0,232.0,215.0,251.0,241.0,232.0,239.0,254.0,235.0,217.0,211.0,225.0,244.0,247.0,236.0,249.0,231.0
172.50251256281408,250.0,232.0,246.0,241.0,237.0,236.0,254.0,251.0,225.0,251.0,208.0,244.0,239.0,250.0,237.0,266.0,240.0,229.0,245.0,224.0,206.0,239.0,236.0,235.0,240.0,248.0,240.0,276.0,242.0,224.0,223.0,226.0,228.0,222.0,249.0,237.0,232.0,215.0,233.0,242.0,219.0,263.0,257.0,206.0,246.0,230.0,220.0,237.0,226.0,234.0
172.51256281407035,235.0,245.0,250.0,247.0,227.0,206.0,262.0,239.0,221.0,242.0,255.0,249.0,208.0,272.0,230.0,237.0,251.0,244.0,205.0,213.0,242.0,242.0,235.0,212.0,252.0,252.0,248.0,231.0,220.0,200.0,246.0,239.0,265.0,267.0,241.0,244.0,241.0,220.0,244.0,219.0,264.0,229.0,244.0,256.0,237.0,235.0,226.0,240.0,274.0,218.0
172.52261306532662,242.0,278.0,250.0,249.0,220.0,232.0,258.0,238.0,246.0,223.0,261.0,201.0,225.0,219.0,248.0,246.0,223.0,242.0,247.0,254.0,253.0,233.0,236.0,224.0,246.0,235.0,231.0,249.0,214.0,229.0,218.0,198.0,205.0,214.0,226.0,229.0,204.0,235.0,218.0,251.0,230.0,247.0,293.0,231.0,228.0,239.0,226.0,253.0,222.0,218.0
172.53266331658293,245.0,254.0,229.0,243.0,250.0,244.0,225.0,237.0,244.0,230.0,227.0,220.0,244.0,206.0,229.0,232.0,229.0,226.0,211.0,246.0,197.0,245.0,235.0,228.0,234.0,231.0,237.0,246.0,258.0,243.0,234.0,238.0,253.0,250.0,236.0,194.0,226.0,247.0,247.0,221.0,258.0,232.0,250.0,248.0,223.0,230.0,246.0,219.0,252.0,238.0
172.5427135678392,208.0,263.0,228.0,245.0,218.0,250.0,231.0,249.0,221.0,211.0,253.0,251.0,226.0,230.0,235.0,220.0,216.0,227.0,244.0,250.0,247.0,220.0,233.0,237.0,240.0,223.0,282.0,220.0,256.0,268.0,239.0,234.0,239.0,227.0,248.0,231.0,217.0,233.0,228.0,229.0,224.0,229.0,232.0,265.0,213.0,227.0,225.0,239.0,226.0,230.0
172.55276381909547,232.0,263.0,242.0,256.0,229.0,237.0,237.0,264.0,215.0,239.0,218.0,218.0,263.0,246.0,262.0,217.0,229.0,247.0,229.0,218.0,226.0,226.0,230.0,257.0,208.0,220.0,240.0,224.0,234.0,235.0,249.0,226.0,245.0,223.0,240.0,250.0,229.0,249.0,228.0,257.0,248.0,233.0,230.0,214.0,240.0,226.0,237.0,260.0,225.0,226.0
172.56281407035175,263.0,258.0,242.0,216.0,220.0,226.0,249.0,241.0,253.0,222.0,251.0,242.0,235.0,230.0,263.0,255.0,227.0,237.0,206.0,256.0,247.0,239.0,251.0,240.0,265.0,249.0,241.0,249.0,232.0,225.0,222.0,228.0,237.0,212.0,235.0,226.0,243.0,236.0,228.0,250.0,255.0,215.0,265.0,221.0,234.0,246.0,246.0,224.0,227.0,239.0
172.57286432160805,220.0,225.0,231.0,227.0,249.0,244.0,270.0,228.0,248.0,232.0,249.0,252.0,252.0,249.0,229.0,270.0,240.0,239.0,225.0,231.0,236.0,227.0,253.0,229.0,219.0,241.0,228.0,228.0,247.0,248.0,252.0,235.0,192.0,253.0,234.0,228.0,249.0,246.0,240.0,233.0,250.0,241.0,217.0,249.0,208.0,250.0,251.0,235.0,245.0,230.0
172.58291457286433,229.0,204.0,220.0,227.0,234.0,255.0,227.0,244.0,229.0,221.0,199.0,237.0,260.0,236.0,229.0,239.0,248.0,237.0,258.0,228.0,251.0,214.0,235.0,263.0,233.0,244.0,240.0,256.0,221.0,245.0,243.0,257.0,246.0,250.0,240.0,218.0,220.0,218.0,249.0,226.0,256.0,233.0,233.0,239.0,233.0,244.0,223.0,224.0,225.0,238.0
172.5929648241206,220.0,242.0,217.0,226.0,263.0,250.0,216.0,256.0,269.0,226.0,249.0,254.0,232.0,249.0,232.0,232.0,215.0,254.0,270.0,231.0,223.0,222.0,224.0,244.0,239.0,234.0,230.0,246.0,271.0,220.0,268.0,211.0,240.0,225.0,235.0,256.0,254.0,240.0,245.0,234.0,246.0,232.0,235.0,204.0,241.0,236.0,253.0,240.0,239.0,217.0
172.60301507537687,228.0,250.0,256.0,262.0,240.0,212.0,214.0,220.0,248.0,257.0,237.0,235.0,245.0,231.0,232.0,237.0,210.0,253.0,221.0,235.0,222.0,213.0,241.0,237.0,231.0,210.0,237.0,224.0,245.0,253.0,248.0,231.0,249.0,239.0,232.0,226.0,199.0,214.0,223.0,224.0,232.0,241.0,224.0,239.0,251.0,215.0,229.0,232.0,252.0,233.0
172.61306532663318,227.0,231.0,217.0,237.0,241.0,248.0,233.0,239.0,241.0,223.0,228.0,259.0,218.0,264.0,239.0,233.0,229.0,237.0,242.0,228.0,254.0,235.0,235.0,232.0,224.0,257.0,221.0,243.0,249.0,232.0,235.0,269.0,234.0,225.0,239.0,261.0,242.0,211.0,216.0,235.0,213.0,228.0,240.0,240.0,220.0,232.0,201.0,229.0,266.0,257.0
172.62311557788945,236.0,221.0,220.0,251.0,236.0,249.0,221.0,226.0,246.0,236.0,213.0,266.0,264.0,218.0,239.0,235.0,261.0,232.0,237.0,241.0,236.0,266.0,235.0,204.0,243.0,230.0,234.0,260.0,226.0,250.0,228.0,246.0,250.0,237.0,221.0,263.0,239.0,234.0,229.0,254.0,214.0,252.0,245.0,215.0,225.0,221.0,222.0,234.0,230.0,208.0
172.63316582914572,240.0,245.0,232.0,240.0,270.0,230.0,240.0,228.0,258.0,222.0,216.0,243.0,266.0,243.0,229.0,226.0,227.0,234.0,256.0,236.0,244.0,230.0,206.0,230.0,259.0,235.0,250.0,230.0,205.0,251.0,244.0,229.0,224.0,220.0,233.0,220.0,211.0,243.0,205.0,244.0,209.0,228.0,235.0,255.0,254.0,216.0,248.0,236.0,242.0,232.0
172.643216080402,229.0,223.0,242.0,211.0,234.0,215.0,242.0,209.0,228.0,270.0,221.0,248.0,217.0,244.0,209.0,246.0,216.0,250.0,231.0,255.0,246.0,215.0,226.0,212.0,218.0,233.0,266.0,207.0,240.0,234.0,235.0,240.0,221.0,246.0,235.0,196.0,187.0,210.0,214.0,248.0,222.0,249.0,259.0,272.0,243.0,251.0,240.0,254.0,222.0,215.0
172.6532663316583,236.0,209.0,233.0,250.0,231.0,256.0,236.0,252.0,228.0,241.0,223.0,268.0,245.0,236.0,227.0,213.0,240.0,213.0,230.0,229.0,223.0,207.0,226.0,217.0,252.0,222.0,241.0,245.0,261.0,215.0,215.0,231.0,246.0,255.0,205.0,232.0,234.0,215.0,234.0,242.0,233.0,235.0,241.0,235.0,239.0,232.0,222.0,216.0,235.0,270.0
172.66331658291458,235.0,229.0,215.0,214.0,229.0,222.0,237.0,194.0,222.0,235.0,250.0,235.0,280.0,212.0,249.0,218.0,243.0,221.0,251.0,244.0,244.0,241.0,238.0,249.0,258.0,240.0,242.0,226.0,250.0,265.0,240.0,234.0,231.0,226.0,220.0,223.0,216.0,218.0,256.0,215.0,254.0,242.0,227.0,260.0,234.0,227.0,237.0,231.0,251.0,224.0
172.67336683417085,234.0,224.0,249.0,256.0,219.0,221.0,234.0,224.0,201.0,253.0,235.0,235.0,255.0,238.0,220.0,227.0,236.0,243.0,250.0,238.0,243.0,275.0,248.0,225.0,231.0,227.0,233.0,249.0,245.0,229.0,210.0,252.0,234.0,250.0,230.0,226.0,235.0,218.0,248.0,232.0,231.0,238.0,238.0,246.0,235.0,217.0,244.0,227.0,230.0,236.0
172.68341708542712,218.0,230.0,242.0,238.0,232.0,223.0,250.0,239.0,239.0,225.0,239.0,246.0,208.0,261.0,214.0,257.0,249.0,217.0,280.0,243.0,235.0,253.0,243.0,244.0,229.0,250.0,225.0,233.0,240.0,253.0,217.0,243.0,242.0,212.0,237.0,241.0,256.0,263.0,256.0,255.0,226.0,227.0,248.0,190.0,223.0,234.0,228.0,216.0,204.0,251.0
172.69346733668343,240.0,227.0,204.0,238.0,228.0,221.0,266.0,216.0,221.0,251.0,227.0,221.0,257.0,214.0,245.0,232.0,224.0,220.0,243.0,233.0,221.0,213.0,253.0,218.0,245.0,237.0,206.0,216.0,216.0,247.0,249.0,249.0,234.0,211.0,242.0,222.0,251.0,210.0,220.0,220.0,244.0,234.0,220.0,241.0,235.0,227.0,257.0,216.0,265.0,231.0
172.7035175879397,270.0,277.0,232.0,214.0,228.0,213.0,227.0,224.0,230.0,241.0,242.0,235.0,231.0,227.0,247.0,252.0,232.0,246.0,223.0,250.0,215.0,243.0,229.0,228.0,228.0,231.0,222.0,233.0,211.0,238.0,244.0,255.0,223.0,229.0,227.0,246.0,250.0,232.0,238.0,236.0,245.0,224.0,251.0,241.0,225.0,253.0,227.0,217.0,228.0,235.0
172.71356783919597,244.0,208.0,206.0,246.0,212.0,227.0,221.0,261.0,241.0,222.0,253.0,246.0,223.0,229.0,213.0,196.0,203.0,205.0,247.0,227.0,221.0,223.0,249.0,236.0,234.0,227.0,232.0,239.0,229.0,214.0,226.0,223.0,223.0,251.0,230.0,234.0,264.0,238.0,252.0,230.0,248.0,227.0,240.0,226.0,241.0,236.0,230.0,261.0,252.0,232.0
172.72361809045225,247.0,263.0,262.0,237.0,234.0,256.0,250.0,245.0,238.0,232.0,222.0,244.0,219.0,257.0,228.0,214.0,234.0,247.0,215.0,205.0,237.0,257.0,232.0,235.0,248.0,218.0,248.0,251.0,285.0,200.0,238.0,251.0,245.0,223.0,205.0,220.0,239.0,254.0,258.0,249.0,243.0,242.0,250.0,235.0,247.0,233.0,241.0,257.0,209.0,237.0
172.73366834170855,253.0,231.0,212.0,229.0,226.0,225.0,248.0,235.0,234.0,211.0,223.0,244.0,213.0,230.0,246.0,234.0,208.0,230.0,240.0,193.0,232.0,213.0,242.0,247.0,246.0,219.0,221.0,234.0,267.0,216.0,242.0,245.0,220.0,242.0,222.0,239.0,233.0,235.0,241.0,236.0,212.0,211.0,235.0,250.0,253.0,233.0,249.0,236.0,256.0,232.0
172.74371859296483,228.0,241.0,256.0,244.0,240.0,235.0,208.0,246.0,234.0,243.0,233.0,245.0,221.0,240.0,245.0,218.0,220.0,249.0,226.0,255.0,227.0,253.0,268.0,220.0,247.0,247.0,234.0,246.0,219.0,229.0,267.0,232.0,253.0,236.0,212.0,246.0,214.0,244.0,265.0,236.0,231.0,227.0,214.0,223.0,259.0,213.0,247.0,250.0,251.0,232.0
172.7537688442211,244.0,249.0,231.0,241.0,235.0,225.0,265.0,259.0,221.0,227.0,235.0,256.0,236.0,213.0,214.0,227.0,214.0,204.0,248.0,253.0,235.0,248.0,230.0,239.0,241.0,241.0,244.0,204.0,233.0,250.0,207.0,225.0,234.0,243.0,227.0,231.0,248.0,238.0,237.0,236.0,231.0,201.0,260.0,249.0,252.0,266.0,251.0,239.0,252.0,233.0
172.76381909547737,233.0,244.0,246.0,214.0,235.0,235.0,211.0,229.0,238.0,252.0,233.0,219.0,227.0,237.0,248.0,247.0,241.0,221.0,238.0,239.0,233.0,220.0,213.0,236.0,219.0,230.0,257.0,238.0,250.0,248.0,226.0,240.0,217.0,260.0,232.0,226.0,219.0,243.0,232.0,233.0,229.0,236.0,236.0,239.0,236.0,259.0,218.0,240.0,245.0,220.0
172.77386934673368,231.0,224.0,253.0,220.0,222.0,237.0,233.0,228.0,253.0,241.0,235.0,240.0,240.0,285.0,235.0,247.0,210.0,231.0,221.0,244.0,240.0,242.0,190.0,240.0,230.0,222.0,244.0,251.0,223.0,228.0,227.0,228.0,247.0,214.0,235.0,211.0,229.0,229.0,204.0,229.0,223.0,224.0,247.0,245.0,241.0,231.0,229.0,223.0,198.0,234.0
172.78391959798995,219.0,250.0,268.0,272.0,239.0,261.0,221.0,239.0,262.0,257.0,247.0,209.0,246.0,225.0,225.0,227.0,246.0,259.0,270.0,241.0,261.0,248.0,229.0,244.0,243.0,237.0,238.0,261.0,238.0,245.0,267.0,216.0,231.0,245.0,221.0,236.0,232.0,215.0,230.0,225.0,237.0,261.0,234.0,244.0,239.0,222.0,221.0,215.0,245.0,261.0
172.79396984924622,227.0,250.0,237.0,214.0,219.0,234.0,239.0,221.0,219.0,251.0,222.0,239.0,205.0,231.0,216.0,226.0,233.0,222.0,231.0,262.0,219.0,217.0,213.0,224.0,235.0,252.0,249.0,230.0,236.0,250.0,230.0,230.0,264.0,242.0,223.0,217.0,236.0,247.0,267.0,249.0,277.0,261.0,255.0,219.0,291.0,230.0,231.0,234.0,233.0,221.0
172.80402010050253,236.0,241.0,227.0,264.0,239.0,214.0,258.0,230.0,245.0,232.0,223.0,215.0,262.0,227.0,263.0,266.0,225.0,241.0,227.0,213.0,243.0,201.0,208.0,221.0,228.0,238.0,250.0,229.0,230.0,226.0,237.0,242.0,252.0,245.0,232.0,209.0,238.0,238.0,231.0,258.0,255.0,232.0,251.0,234.0,271.0,208.0,258.0,251.0,244.0,226.0
172.8140703517588,245.0,230.0,225.0,243.0,248.0,215.0,243.0,216.0,235.0,206.0,217.0,233.0,248.0,222.0,257.0,235.0,221.0,232.0,236.0,262.0,249.0,239.0,223.0,245.0,254.0,248.0,239.0,236.0,249.0,217.0,230.0,216.0,238.0,228.0,240.0,221.0,216.0,240.0,264.0,231.0,246.0,213.0,243.0,227.0,248.0,243.0,225.0,234.0,222.0,237.0
172.82412060301507,246.0,222.0,225.0,219.0,241.0,247.0,225.0,237.0,222.0,246.0,242.0,238.0,236.0,233.0,246.0,228.0,232.0,230.0,239.0,234.0,280.0,241.0,263.0,245.0,253.0,208.0,255.0,204.0,240.0,260.0,229.0,226.0,242.0,245.0,255.0,235.0,235.0,232.0,241.0,251.0,253.0,219.0,254.0,238.0,212.0,245.0,234.0,259.0,227.0,231.0
172.83417085427135,208.0,241.0,248.0,240.0,223.0,217.0,227.0,205.0,251.0,206.0,214.0,226.0,220.0,229.0,219.0,249.0,222.0,242.0,231.0,233.0,246.0,240.0,238.0,260.0,254.0,214.0,244.0,218.0,255.0,267.0,237.0,242.0,245.0,252.0,240.0,232.0,226.0,227.0,212.0,211.0,244.0,219.0,253.0,234.0,224.0,253.0,239.0,241.0,255.0,206.0
172.84422110552765,251.0,240.0,226.0,288.0,221.0,218.0,236.0,233.0,239.0,233.0,243.0,215.0,237.0,244.0,263.0,215.0,232.0,249.0,242.0,239.0,240.0,244.0,208.0,204.0,240.0,218.0,214.0,248.0,230.0,233.0,232.0,237.0,250.0,227.0,220.0,261.0,202.0,232.0,227.0,245.0,242.0,199.0,240.0,240.0,234.0,239.0,246.0,212.0,228.0,228.0
172.85427135678393,253.0,252.0,223.0,266.0,230.0,234.0,234.0,236.0,217.0,233.0,237.0,244.0,211.0,246.0,227.0,253.0,250.0,245.0,260.0,248.0,247.0,229.0,244.0,247.0,240.0,213.0,235.0,251.0,245.0,271.0,274.0,220.0,222.0,227.0,232.0,223.0,257.0,227.0,239.0,230.0,244.0,227.0,246.0,208.0,232.0,210.0,235.0,229.0,252.0,215.0
172.8643216080402,239.0,228.0,234.0,234.0,234.0,237.0,232.0,210.0,236.0,241.0,224.0,236.0,248.0,250.0,214.0,229.0,244.0,238.0,220.0,239.0,207.0,216.0,222.0,243.0,232.0,243.0,210.0,221.0,236.0,251.0,251.0,244.0,253.0,241.0,245.0,239.0,250.0,218.0,247.0,229.0,209.0,223.0,226.0,229.0,215.0,239.0,246.0,230.0,222.0,236.0
172.87437185929647,247.0,230.0,226.0,228.0,242.0,229.0,227.0,251.0,226.0,252.0,252.0,200.0,227.0,221.0,237.0,244.0,210.0,246.0,231.0,220.0,225.0,253.0,255.0,256.0,257.0,233.0,254.0,208.0,255.0,246.0,243.0,228.0,238.0,238.0,252.0,234.0,244.0,240.0,231.0,261.0,202.0,237.0,224.0,245.0,227.0,223.0,229.0,244.0,229.0,239.0
172.88442211055278,243.0,223.0,231.0,248.0,257.0,210.0,226.0,247.0,258.0,251.0,244.0,244.0,235.0,234.0,215.0,240.0,239.0,247.0,247.0,210.0,217.0,243.0,230.0,221.0,208.0,226.0,238.0,232.0,239.0,232.0,222.0,249.0,246.0,237.0,219.0,246.0,251.0,238.0,218.0,246.0,209.0,224.0,232.0,250.0,246.0,275.0,245.0,225.0,237.0,212.0
172.89447236180905,223.0,231.0,223.0,221.0,225.0,254.0,221.0,239.0,217.0,246.0,211.0,209.0,227.0,255.0,240.0,241.0,217.0,251.0,214.0,235.0,232.0,222.0,236.0,252.0,250.0,263.0,240.0,228.0,223.0,225.0,207.0,239.0,265.0,247.0,216.0,242.0,252.0,210.0,258.0,219.0,232.0,246.0,249.0,214.0,246.0,248.0,218.0,247.0,232.0,223.0
172.90452261306532,249.0,210.0,213.0,240.0,255.0,250.0,226.0,249.0,237.0,245.0,213.0,233.0,220.0,214.0,254.0,236.0,223.0,222.0,234.0,225.0,201.0,230.0,222.0,226.0,252.0,207.0,229.0,222.0,213.0,226.0,235.0,249.0,255.0,226.0,230.0,225.0,219.0,246.0,228.0,260.0,248.0,238.0,228.0,223.0,232.0,249.0,256.0,254.0,272.0,244.0
172.9145728643216,219.0,233.0,245.0,227.0,228.0,245.0,213.0,216.0,247.0,222.0,232.0,270.0,245.0,225.0,218.0,250.0,238.0,244.0,239.0,249.0,242.0,240.0,248.0,265.0,229.0,269.0,236.0,245.0,265.0,225.0,219.0,212.0,244.0,230.0,236.0,259.0,250.0,229.0,248.0,245.0,241.0,223.0,231.0,245.0,248.0,236.0,240.0,258.0,254.0,226.0
172.9246231155779,218.0,209.0,230.0,205.0,212.0,245.0,236.0,250.0,224.0,225.0,240.0,249.0,248.0,247.0,249.0,234.0,246.0,223.0,246.0,251.0,229.0,234.0,227.0,230.0,235.0,226.0,231.0,260.0,233.0,236.0,228.0,229.0,232.0,238.0,241.0,237.0,241.0,229.0,228.0,226.0,261.0,209.0,239.0,216.0,251.0,240.0,229.0,215.0,237.0,241.0
172.93467336683418,241.0,239.0,213.0,239.0,219.0,235.0,218.0,220.0,250.0,226.0,262.0,255.0,213.0,217.0,227.0,229.0,252.0,215.0,214.0,247.0,229.0,235.0,217.0,233.0,236.0,228.0,241.0,231.0,231.0,220.0,223.0,251.0,227.0,228.0,221.0,253.0,256.0,242.0,219.0,240.0,247.0,245.0,247.0,225.0,220.0,229.0,222.0,241.0,239.0,228.0
172.94472361809045,242.0,231.0,225.0,230.0,235.0,244.0,250.0,250.0,208.0,226.0,238.0,214.0,211.0,217.0,235.0,268.0,240.0,209.0,229.0,255.0,229.0,207.0,267.0,244.0,256.0,224.0,241.0,223.0,244.0,201.0,258.0,228.0,235.0,228.0,220.0,223.0,259.0,230.0,259.0,250.0,212.0,243.0,242.0,233.0,209.0,213.0,203.0,215.0,229.0,241.0
172.95477386934672,223.0,228.0,235.0,265.0,218.0,218.0,244.0,257.0,222.0,230.0,235.0,210.0,237.0,245.0,218.0,247.0,228.0,235.0,220.0,215.0,206.0,242.0,238.0,253.0,207.0,232.0,225.0,207.0,241.0,222.0,240.0,253.0,240.0,241.0,214.0,228.0,226.0,216.0,226.0,254.0,222.0,202.0,222.0,262.0,218.0,239.0,247.0,225.0,273.0,235.0
172.96482412060303,245.0,227.0,241.0,237.0,236.0,254.0,222.0,250.0,226.0,203.0,252.0,236.0,247.0,246.0,244.0,233.0,229.0,238.0,230.0,216.0,211.0,217.0,231.0,231.0,227.0,232.0,222.0,239.0,211.0,220.0,238.0,238.0,234.0,234.0,207.0,231.0,250.0,246.0,238.0,253.0,242.0,234.0,247.0,218.0,228.0,226.0,232.0,264.0,217.0,218.0
172.9748743718593,248.0,213.0,208.0,230.0,237.0,244.0,263.0,242.0,232.0,228.0,227.0,263.0,243.0,245.0,231.0,224.0,265.0,230.0,238.0,243.0,234.0,221.0,265.0,244.0,233.0,226.0,243.0,252.0,239.0,204.0,205.0,229.0,246.0,236.0,222.0,232.0,238.0,225.0,221.0,208.0,243.0,250.0,235.0,267.0,226.0,249.0,237.0,248.0,245.0,234.0
172.98492462311557,260.0,256.0,258.0,241.0,221.0,243.0,240.0,230.0,283.0,225.0,237.0,243.0,217.0,223.0,227.0,263.0,265.0,237.0,237.0,214.0,246.0,224.0,252.0,234.0,238.0,245.0,254.0,256.0,229.0,223.0,222.0,239.0,249.0,227.0,244.0,246.0,222.0,229.0,228.0,247.0,251.0,234.0,231.0,254.0,254.0,237.0,232.0,263.0,265.0,248.0
172.99497487437185,248.0,253.0,228.0,241.0,250.0,223.0,199.0,220.0,260.0,236.0,233.0,261.0,270.0,231.0,231.0,242.0,234.0,235.0,220.0,222.0,249.0,233.0,235.0,255.0,221.0,238.0,230.0,257.0,265.0,238.0,254.0,260.0,249.0,243.0,242.0,237.0,238.0,255.0,256.0,222.0,254.0,225.0,211.0,246.0,239.0,245.0,239.0,232.0,251.0,244.0
173.00502512562815,246.0,239.0,240.0,245.0,212.0,254.0,217.0,247.0,272.0,241.0,251.0,216.0,227.0,207.0,232.0,237.0,236.0,221.0,254.0,210.0,220.0,247.0,250.0,196.0,246.0,258.0,264.0,250.0,249.0,245.0,251.0,243.0,228.0,230.0,221.0,236.0,243.0,209.0,258.0,242.0,244.0,253.0,235.0,220.0,228.0,250.0,229.0,278.0,213.0,228.0
173.01507537688443,221.0,247.0,225.0,236.0,226.0,241.0,239.0,231.0,238.0,262.0,258.0,232.0,231.0,225.0,251.0,225.0,232.0,245.0,246.0,246.0,235.0,228.0,230.0,228.0,240.0,232.0,245.0,266.0,254.0,232.0,236.0,239.0,229.0,273.0,244.0,235.0,257.0,215.0,248.0,226.0,229.0,216.0,220.0,240.0,230.0,229.0,242.0,264.0,249.0,257.0
173.0251256281407,236.0,229.0,248.0,250.0,231.0,198.0,204.0,247.0,253.0,250.0,250.0,257.0,236.0,221.0,222.0,252.0,235.0,241.0,236.0,232.0,237.0,237.0,257.0,239.0,225.0,223.0,255.0,230.0,227.0,233.0,239.0,204.0,261.0,237.0,230.0,215.0,237.0,208.0,237.0,231.0,211.0,246.0,239.0,223.0,270.0,209.0,242.0,259.0,239.0,220.0
173.03517587939697,227.0,217.0,219.0,247.0,219.0,222.0,238.0,259.0,221.0,255.0,240.0,218.0,248.0,225.0,241.0,214.0,271.0,245.0,238.0,195.0,237.0,205.0,198.0,239.0,226.0,242.0,235.0,211.0,246.0,239.0,240.0,241.0,227.0,232.0,233.0,253.0,214.0,244.0,233.0,251.0,245.0,259.0,213.0,237.0,267.0,255.0,237.0,269.0,251.0,251.0
173.04522613065328,265.0,236.0,240.0,223.0,231.0,227.0,234.0,207.0,250.0,250.0,237.0,226.0,248.0,226.0,242.0,254.0,259.0,247.0,244.0,212.0,227.0,241.0,241.0,231.0,211.0,251.0,243.0,226.0,249.0,236.0,240.0,242.0,232.0,207.0,253.0,222.0,235.0,254.0,242.0,250.0,255.0,245.0,211.0,220.0,213.0,257.0,246.0,265.0,236.0,199.0
173.05527638190955,243.0,248.0,217.0,260.0,239.0,255.0,230.0,225.0,235.0,215.0,266.0,253.0,241.0,243.0,215.0,242.0,239.0,216.0,222.0,214.0,231.0,233.0,253.0,242.0,241.0,224.0,239.0,215.0,239.0,254.0,234.0,224.0,251.0,227.0,233.0,224.0,212.0,246.0,224.0,226.0,250.0,239.0,206.0,213.0,249.0,237.0,230.0,259.0,257.0,257.0
173.06532663316582,213.0,251.0,232.0,258.0,235.0,270.0,240.0,218.0,222.0,260.0,245.0,269.0,257.0,253.0,263.0,240.0,245.0,232.0,227.0,233.0,229.0,254.0,254.0,255.0,260.0,226.0,218.0,238.0,262.0,265.0,245.0,218.0,215.0,189.0,235.0,217.0,247.0,253.0,220.0,253.0,235.0,260.0,240.0,229.0,235.0,211.0,242.0,216.0,240.0,229.0
173.0753768844221,235.0,246.0,235.0,211.0,254.0,237.0,226.0,226.0,243.0,261.0,205.0,226.0,245.0,232.0,248.0,247.0,240.0,242.0,238.0,252.0,261.0,222.0,238.0,248.0,243.0,252.0,256.0,264.0,277.0,211.0,204.0,234.0,217.0,252.0,262.0,221.0,236.0,276.0,256.0,222.0,233.0,233.0,242.0,234.0,238.0,214.0,264.0,227.0,231.0,228.0
173.0854271356784,219.0,242.0,226.0,226.0,261.0,243.0,236.0,244.0,233.0,241.0,246.0,272.0,234.0,205.0,234.0,240.0,244.0,253.0,223.0,241.0,237.0,232.0,240.0,241.0,222.0,223.0,235.0,239.0,241.0,245.0,250.0,240.0,245.0,232.0,239.0,223.0,211.0,262.0,236.0,252.0,235.0,242.0,200.0,247.0,223.0,244.0,221.0,221.0,236.0,224.0
173.09547738693468,235.0,243.0,235.0,247.0,243.0,254.0,231.0,241.0,223.0,248.0,221.0,238.0,225.0,257.0,256.0,232.0,239.0,229.0,240.0,241.0,232.0,236.0,230.0,248.0,242.0,236.0,211.0,222.0,231.0,244.0,222.0,268.0,246.0,209.0,240.0,248.0,223.0,221.0,253.0,227.0,239.0,255.0,228.0,245.0,232.0,258.0,237.0,240.0,249.0,271.0
173.10552763819095,214.0,248.0,257.0,234.0,243.0,238.0,252.0,209.0,220.0,257.0,214.0,248.0,233.0,256.0,245.0,214.0,225.0,221.0,236.0,250.0,225.0,239.0,227.0,252.0,239.0,237.0,231.0,226.0,242.0,216.0,245.0,228.0,255.0,243.0,253.0,249.0,257.0,220.0,239.0,224.0,226.0,244.0,250.0,235.0,259.0,231.0,249.0,222.0,261.0,260.0
173.11557788944722,206.0,243.0,250.0,221.0,227.0,249.0,242.0,218.0,235.0,228.0,229.0,212.0,247.0,216.0,218.0,255.0,259.0,199.0,247.0,247.0,207.0,244.0,222.0,248.0,223.0,246.0,236.0,253.0,220.0,250.0,227.0,200.0,237.0,201.0,229.0,241.0,238.0,256.0,246.0,269.0,228.0,217.0,227.0,227.0,231.0,245.0,228.0,243.0,219.0,243.0
173.12562814070353,250.0,262.0,235.0,223.0,273.0,240.0,234.0,234.0,239.0,252.0,252.0,225.0,237.0,237.0,221.0,261.0,234.0,236.0,255.0,240.0,241.0,222.0,242.0,239.0,228.0,200.0,238.0,214.0,249.0,239.0,240.0,252.0,252.0,243.0,204.0,221.0,266.0,235.0,238.0,227.0,252.0,258.0,236.0,230.0,263.0,240.0,210.0,257.0,235.0,221.0
173.1356783919598,255.0,230.0,225.0,251.0,230.0,246.0,241.0,230.0,216.0,217.0,226.0,233.0,237.0,221.0,237.0,235.0,231.0,238.0,234.0,253.0,219.0,254.0,234.0,219.0,238.0,248.0,229.0,229.0,229.0,216.0,238.0,224.0,209.0,224.0,231.0,232.0,216.0,234.0,202.0,225.0,264.0,250.0,229.0,228.0,258.0,216.0,249.0,217.0,235.0,227.0
173.14572864321607,236.0,235.0,231.0,212.0,249.0,225.0,232.0,229.0,229.0,244.0,227.0,231.0,239.0,222.0,231.0,220.0,233.0,217.0,246.0,227.0,241.0,243.0,230.0,246.0,236.0,230.0,216.0,249.0,264.0,230.0,221.0,242.0,242.0,219.0,248.0,204.0,243.0,234.0,233.0,242.0,242.0,232.0,221.0,234.0,234.0,250.0,230.0,249.0,214.0,228.0
173.15577889447235,223.0,213.0,216.0,252.0,235.0,262.0,269.0,254.0,229.0,248.0,230.0,247.0,247.0,235.0,203.0,259.0,251.0,236.0,231.0,239.0,240.0,249.0,213.0,228.0,235.0,247.0,238.0,252.0,261.0,225.0,237.0,242.0,250.0,264.0,231.0,240.0,257.0,245.0,223.0,233.0,234.0,238.0,263.0,231.0,252.0,248.0,221.0,231.0,215.0,236.0
173.16582914572865,246.0,231.0,213.0,244.0,239.0,259.0,233.0,241.0,231.0,265.0,246.0,257.0,232.0,238.0,240.0,219.0,231.0,234.0,203.0,251.0,257.0,249.0,221.0,257.0,232.0,230.0,238.0,213.0,221.0,242.0,254.0,224.0,236.0,221.0,239.0,268.0,225.0,249.0,236.0,249.0,232.0,235.0,263.0,215.0,263.0,255.0,213.0,223.0,251.0,216.0
173.17587939698493,252.0,238.0,237.0,235.0,245.0,228.0,236.0,228.0,242.0,235.0,232.0,220.0,251.0,237.0,229.0,242.0,233.0,240.0,247.0,222.0,225.0,245.0,257.0,242.0,234.0,263.0,247.0,252.0,238.0,219.0,225.0,231.0,248.0,256.0,238.0,230.0,229.0,239.0,243.0,253.0,198.0,243.0,236.0,244.0,252.0,233.0,244.0,246.0,229.0,257.0
173.1859296482412,251.0,255.0,228.0,222.0,246.0,202.0,219.0,232.0,193.0,231.0,230.0,239.0,233.0,214.0,235.0,259.0,225.0,244.0,214.0,247.0,235.0,232.0,237.0,262.0,229.0,229.0,229.0,217.0,208.0,247.0,218.0,255.0,263.0,243.0,238.0,249.0,218.0,225.0,213.0,206.0,241.0,235.0,231.0,259.0,241.0,227.0,228.0,233.0,235.0,265.0
173.1959798994975,235.0,221.0,241.0,260.0,226.0,244.0,241.0,238.0,260.0,226.0,229.0,214.0,229.0,233.0,226.0,238.0,245.0,253.0,240.0,240.0,227.0,228.0,256.0,231.0,243.0,231.0,251.0,235.0,250.0,237.0,233.0,244.0,234.0,246.0,269.0,257.0,256.0,240.0,213.0,232.0,250.0,245.0,230.0,239.0,238.0,230.0,247.0,216.0,212.0,238.0
173.20603015075378,236.0,248.0,240.0,253.0,231.0,221.0,242.0,217.0,231.0,260.0,226.0,225.0,204.0,240.0,254.0,275.0,229.0,260.0,255.0,227.0,227.0,215.0,262.0,233.0,247.0,257.0,258.0,222.0,246.0,255.0,248.0,219.0,224.0,236.0,264.0,243.0,215.0,221.0,226.0,254.0,249.0,214.0,222.0,235.0,260.0,220.0,237.0,234.0,237.0,234.0
173.21608040201005,261.0,209.0,232.0,239.0,228.0,244.0,238.0,222.0,179.0,199.0,220.0,248.0,202.0,242.0,244.0,232.0,227.0,232.0,266.0,245.0,250.0,207.0,230.0,237.0,257.0,231.0,247.0,260.0,248.0,226.0,242.0,192.0,253.0,229.0,248.0,216.0,228.0,240.0,244.0,242.0,214.0,231.0,234.0,207.0,240.0,199.0,238.0,223.0,268.0,245.0
173.22613065326632,206.0,226.0,232.0,213.0,232.0,231.0,261.0,277.0,258.0,263.0,245.0,251.0,208.0,260.0,228.0,233.0,262.0,235.0,205.0,242.0,265.0,252.0,248.0,239.0,253.0,235.0,200.0,266.0,216.0,216.0,247.0,258.0,249.0,239.0,218.0,256.0,255.0,239.0,204.0,221.0,248.0,229.0,250.0,234.0,258.0,231.0,216.0,222.0,240.0,285.0
173.23618090452263,223.0,259.0,255.0,252.0,250.0,249.0,226.0,228.0,234.0,240.0,231.0,214.0,255.0,237.0,230.0,232.0,240.0,220.0,238.0,255.0,238.0,247.0,231.0,246.0,211.0,222.0,244.0,243.0,233.0,235.0,238.0,259.0,252.0,218.0,261.0,266.0,245.0,221.0,242.0,273.0,219.0,225.0,245.0,214.0,230.0,228.0,237.0,254.0,261.0,242.0
173.2462311557789,237.0,215.0,246.0,245.0,235.0,222.0,206.0,232.0,219.0,237.0,201.0,241.0,216.0,232.0,252.0,237.0,199.0,234.0,241.0,250.0,265.0,245.0,207.0,225.0,236.0,237.0,259.0,232.0,247.0,215.0,256.0,198.0,248.0,239.0,234.0,242.0,215.0,238.0,231.0,247.0,234.0,255.0,243.0,227.0,252.0,223.0,228.0,223.0,264.0,231.0
173.25628140703517,236.0,248.0,224.0,225.0,239.0,250.0,232.0,225.0,233.0,240.0,249.0,222.0,241.0,235.0,229.0,232.0,232.0,217.0,245.0,229.0,213.0,225.0,242.0,241.0,229.0,251.0,258.0,254.0,234.0,235.0,246.0,239.0,265.0,230.0,231.0,225.0,217.0,240.0,213.0,236.0,224.0,206.0,209.0,236.0,228.0,207.0,205.0,234.0,278.0,213.0
173.26633165829145,254.0,244.0,234.0,242.0,221.0,254.0,240.0,255.0,212.0,202.0,248.0,238.0,239.0,252.0,251.0,204.0,253.0,229.0,229.0,254.0,226.0,238.0,226.0,216.0,223.0,249.0,263.0,214.0,236.0,219.0,231.0,211.0,254.0,223.0,249.0,249.0,243.0,231.0,261.0,214.0,247.0,228.0,231.0,253.0,225.0,229.0,269.0,222.0,218.0,236.0
173.27638190954775,215.0,226.0,221.0,243.0,232.0,258.0,243.0,238.0,234.0,245.0,232.0,241.0,239.0,254.0,245.0,231.0,268.0,219.0,228.0,245.0,225.0,235.0,239.0,216.0,213.0,221.0,230.0,244.0,272.0,239.0,252.0,241.0,225.0,276.0,222.0,254.0,249.0,225.0,246.0,228.0,245.0,213.0,229.0,222.0,219.0,262.0,248.0,247.0,231.0,239.0
173.28643216080403,257.0,232.0,230.0,245.0,219.0,235.0,206.0,238.0,253.0,260.0,237.0,247.0,257.0,232.0,236.0,205.0,250.0,241.0,240.0,240.0,259.0,219.0,223.0,243.0,230.0,229.0,225.0,251.0,224.0,222.0,267.0,240.0,229.0,248.0,232.0,245.0,220.0,198.0,235.0,249.0,234.0,230.0,213.0,212.0,222.0,239.0,246.0,264.0,279.0,218.0
173.2964824120603,266.0,230.0,251.0,257.0,227.0,245.0,225.0,230.0,217.0,255.0,240.0,255.0,232.0,225.0,219.0,249.0,249.0,246.0,233.0,261.0,236.0,261.0,246.0,227.0,237.0,238.0,225.0,257.0,255.0,255.0,231.0,231.0,227.0,232.0,237.0,235.0,247.0,231.0,233.0,242.0,249.0,234.0,254.0,234.0,237.0,230.0,233.0,223.0,243.0,245.0
173.30653266331657,254.0,247.0,263.0,238.0,258.0,235.0,266.0,217.0,260.0,249.0,235.0,227.0,214.0,226.0,238.0,259.0,218.0,254.0,245.0,231.0,225.0,259.0,248.0,231.0,230.0,235.0,207.0,257.0,246.0,283.0,234.0,249.0,240.0,228.0,234.0,240.0,251.0,238.0,228.0,234.0,225.0,260.0,226.0,259.0,245.0,251.0,251.0,261.0,230.0,230.0
173.31658291457288,231.0,234.0,255.0,268.0,233.0,252.0,237.0,206.0,235.0,242.0,256.0,262.0,238.0,214.0,238.0,228.0,246.0,233.0,239.0,256.0,222.0,211.0,253.0,238.0,230.0,246.0,268.0,235.0,230.0,243.0,250.0,283.0,241.0,233.0,257.0,235.0,235.0,234.0,242.0,233.0,210.0,235.0,221.0,220.0,223.0,230.0,242.0,225.0,224.0,254.0
173.32663316582915,212.0,254.0,248.0,218.0,216.0,204.0,269.0,231.0,225.0,238.0,214.0,237.0,255.0,239.0,198.0,241.0,254.0,225.0,225.0,252.0,239.0,230.0,233.0,247.0,288.0,231.0,264.0,259.0,251.0,250.0,227.0,221.0,224.0,230.0,230.0,271.0,258.0,249.0,238.0,251.0,244.0,241.0,246.0,248.0,231.0,232.0,236.0,217.0,245.0,259.0
173.33668341708542,222.0,229.0,214.0,232.0,258.0,236.0,276.0,220.0,241.0,238.0,235.0,235.0,235.0,269.0,240.0,230.0,260.0,246.0,234.0,226.0,249.0,229.0,252.0,233.0,239.0,250.0,236.0,245.0,238.0,247.0,238.0,236.0,249.0,230.0,224.0,230.0,232.0,252.0,255.0,237.0,268.0,264.0,250.0,242.0,236.0,223.0,242.0,277.0,257.0,245.0
173.3467336683417,266.0,222.0,236.0,230.0,217.0,232.0,232.0,221.0,261.0,258.0,232.0,251.0,248.0,238.0,246.0,247.0,253.0,243.0,207.0,232.0,236.0,275.0,228.0,219.0,250.0,231.0,237.0,256.0,226.0,252.0,248.0,261.0,235.0,237.0,228.0,230.0,236.0,261.0,227.0,198.0,204.0,243.0,248.0,227.0,227.0,198.0,258.0,248.0,247.0,230.0
173.356783919598,263.0,239.0,251.0,250.0,249.0,222.0,219.0,210.0,241.0,229.0,232.0,252.0,226.0,243.0,252.0,213.0,236.0,261.0,233.0,222.0,204.0,237.0,232.0,236.0,245.0,232.0,238.0,234.0,237.0,234.0,255.0,242.0,207.0,256.0,215.0,239.0,217.0,239.0,228.0,259.0,241.0,218.0,226.0,232.0,265.0,241.0,244.0,218.0,223.0,247.0
173.36683417085428,255.0,257.0,246.0,221.0,253.0,212.0,245.0,207.0,253.0,241.0,245.0,223.0,212.0,245.0,242.0,220.0,218.0,223.0,252.0,228.0,244.0,235.0,228.0,218.0,248.0,244.0,254.0,227.0,233.0,239.0,233.0,250.0,220.0,228.0,223.0,234.0,264.0,240.0,229.0,198.0,217.0,248.0,268.0,243.0,271.0,242.0,250.0,248.0,237.0,245.0
173.37688442211055,227.0,222.0,233.0,225.0,236.0,250.0,250.0,253.0,222.0,263.0,225.0,206.0,269.0,252.0,234.0,220.0,225.0,224.0,233.0,240.0,247.0,228.0,261.0,237.0,252.0,236.0,222.0,259.0,237.0,213.0,260.0,232.0,231.0,212.0,223.0,232.0,224.0,243.0,241.0,254.0,231.0,222.0,233.0,256.0,247.0,246.0,241.0,224.0,233.0,250.0
173.38693467336682,247.0,262.0,230.0,243.0,229.0,238.0,212.0,268.0,224.0,226.0,228.0,256.0,249.0,211.0,227.0,203.0,226.0,232.0,244.0,240.0,252.0,217.0,213.0,263.0,236.0,225.0,252.0,210.0,204.0,233.0,245.0,231.0,232.0,243.0,230.0,248.0,235.0,228.0,219.0,245.0,225.0,217.0,256.0,244.0,249.0,231.0,210.0,222.0,242.0,239.0
173.39698492462313,229.0,243.0,253.0,224.0,216.0,242.0,246.0,236.0,241.0,218.0,233.0,235.0,240.0,272.0,249.0,253.0,224.0,232.0,230.0,245.0,264.0,244.0,253.0,236.0,232.0,234.0,227.0,219.0,213.0,197.0,234.0,234.0,233.0,280.0,220.0,222.0,249.0,234.0,230.0,236.0,225.0,247.0,255.0,246.0,251.0,217.0,212.0,228.0,225.0,234.0
173.4070351758794,235.0,255.0,242.0,239.0,249.0,219.0,208.0,234.0,244.0,255.0,218.0,223.0,234.0,245.0,266.0,244.0,218.0,224.0,231.0,238.0,222.0,249.0,264.0,243.0,214.0,226.0,255.0,223.0,238.0,228.0,221.0,257.0,246.0,254.0,252.0,228.0,222.0,231.0,238.0,241.0,230.0,258.0,228.0,220.0,231.0,230.0,270.0,254.0,209.0,205.0
173.41708542713567,262.0,248.0,241.0,243.0,233.0,207.0,252.0,267.0,225.0,243.0,240.0,244.0,235.0,228.0,227.0,268.0,248.0,275.0,220.0,278.0,252.0,243.0,245.0,234.0,240.0,226.0,219.0,244.0,227.0,238.0,233.0,241.0,273.0,239.0,240.0,255.0,242.0,230.0,267.0,261.0,225.0,223.0,240.0,239.0,240.0,247.0,252.0,259.0,254.0,229.0
173.42713567839195,252.0,187.0,228.0,233.0,274.0,249.0,233.0,254.0,221.0,225.0,233.0,245.0,253.0,237.0,254.0,215.0,250.0,241.0,236.0,229.0,225.0,237.0,232.0,257.0,225.0,238.0,237.0,242.0,248.0,222.0,251.0,235.0,250.0,249.0,258.0,255.0,234.0,229.0,216.0,242.0,231.0,272.0,235.0,239.0,249.0,253.0,248.0,229.0,225.0,228.0
173.43718592964825,238.0,208.0,234.0,242.0,237.0,224.0,246.0,233.0,215.0,228.0,211.0,262.0,203.0,234.0,262.0,224.0,219.0,261.0,219.0,211.0,232.0,225.0,238.0,227.0,256.0,245.0,229.0,227.0,246.0,207.0,199.0,221.0,229.0,243.0,245.0,219.0,239.0,240.0,236.0,241.0,258.0,244.0,230.0,225.0,228.0,252.0,227.0,229.0,251.0,274.0
173.44723618090453,245.0,249.0,262.0,251.0,256.0,239.0,233.0,236.0,250.0,230.0,227.0,217.0,257.0,214.0,253.0,247.0,265.0,205.0,217.0,232.0,224.0,275.0,230.0,249.0,219.0,246.0,205.0,257.0,223.0,228.0,237.0,250.0,249.0,229.0,249.0,237.0,237.0,222.0,247.0,206.0,233.0,226.0,232.0,265.0,231.0,228.0,244.0,206.0,258.0,253.0
173.4572864321608,255.0,247.0,223.0,241.0,256.0,210.0,226.0,212.0,269.0,226.0,242.0,260.0,251.0,217.0,248.0,244.0,209.0,262.0,243.0,234.0,235.0,221.0,254.0,245.0,237.0,238.0,241.0,259.0,251.0,218.0,231.0,228.0,208.0,241.0,226.0,259.0,231.0,236.0,220.0,248.0,249.0,233.0,233.0,220.0,246.0,253.0,242.0,251.0,234.0,239.0
173.46733668341707,258.0,235.0,219.0,241.0,221.0,232.0,254.0,233.0,228.0,260.0,242.0,231.0,237.0,227.0,189.0,208.0,255.0,248.0,259.0,242.0,219.0,222.0,232.0,244.0,234.0,235.0,250.0,228.0,247.0,234.0,211.0,258.0,240.0,245.0,240.0,241.0,260.0,260.0,264.0,231.0,250.0,232.0,251.0,220.0,223.0,249.0,235.0,221.0,236.0,256.0
173.47738693467338,220.0,263.0,233.0,243.0,268.0,231.0,230.0,214.0,236.0,210.0,222.0,237.0,245.0,239.0,224.0,232.0,225.0,211.0,218.0,249.0,256.0,238.0,262.0,222.0,241.0,245.0,205.0,289.0,257.0,234.0,262.0,227.0,251.0,234.0,248.0,255.0,231.0,260.0,229.0,243.0,236.0,214.0,229.0,232.0,232.0,245.0,217.0,237.0,261.0,218.0
173.48743718592965,222.0,242.0,225.0,209.0,237.0,248.0,214.0,222.0,289.0,233.0,236.0,206.0,234.0,241.0,223.0,245.0,227.0,257.0,246.0,232.0,216.0,254.0,221.0,225.0,227.0,234.0,231.0,257.0,203.0,209.0,234.0,233.0,239.0,230.0,229.0,228.0,238.0,256.0,229.0,211.0,245.0,220.0,253.0,231.0,229.0,218.0,227.0,221.0,249.0,214.0
173.49748743718592,215.0,206.0,241.0,253.0,258.0,244.0,246.0,276.0,236.0,250.0,248.0,246.0,254.0,262.0,212.0,264.0,261.0,222.0,242.0,224.0,217.0,241.0,241.0,228.0,238.0,231.0,245.0,264.0,228.0,237.0,214.0,229.0,218.0,256.0,234.0,243.0,204.0,201.0,240.0,250.0,234.0,223.0,250.0,242.0,217.0,220.0,243.0,258.0,233.0,245.0
173.5075376884422,227.0,238.0,226.0,219.0,205.0,206.0,239.0,246.0,233.0,249.0,265.0,233.0,239.0,254.0,241.0,240.0,246.0,230.0,249.0,245.0,219.0,240.0,245.0,233.0,225.0,247.0,238.0,235.0,264.0,244.0,229.0,239.0,251.0,251.0,239.0,242.0,233.0,238.0,232.0,230.0,246.0,223.0,252.0,238.0,241.0,261.0,252.0,239.0,244.0,217.0
173.5175879396985,246.0,231.0,271.0,252.0,223.0,207.0,239.0,240.0,241.0,233.0,212.0,234.0,229.0,228.0,226.0,231.0,216.0,219.0,237.0,233.0,248.0,231.0,246.0,225.0,215.0,212.0,242.0,239.0,230.0,269.0,234.0,244.0,237.0,216.0,265.0,226.0,248.0,240.0,229.0,237.0,253.0,243.0,240.0,239.0,246.0,230.0,240.0,219.0,245.0,233.0
173.52763819095478,222.0,237.0,234.0,250.0,258.0,234.0,246.0,251.0,257.0,259.0,239.0,247.0,230.0,260.0,246.0,237.0,226.0,271.0,253.0,249.0,236.0,213.0,228.0,218.0,258.0,222.0,259.0,237.0,248.0,236.0,259.0,230.0,256.0,229.0,254.0,222.0,257.0,214.0,238.0,215.0,234.0,231.0,231.0,239.0,242.0,222.0,260.0,238.0,245.0,237.0
173.53768844221105,228.0,242.0,247.0,239.0,233.0,235.0,222.0,226.0,238.0,220.0,220.0,265.0,228.0,226.0,240.0,242.0,248.0,249.0,256.0,264.0,232.0,245.0,238.0,250.0,240.0,228.0,229.0,227.0,264.0,224.0,206.0,268.0,232.0,237.0,227.0,249.0,262.0,240.0,236.0,241.0,225.0,242.0,258.0,241.0,245.0,256.0,241.0,242.0,251.0,277.0
173.54773869346732,235.0,256.0,235.0,241.0,263.0,241.0,232.0,229.0,244.0,247.0,254.0,222.0,255.0,225.0,230.0,235.0,238.0,242.0,231.0,226.0,243.0,240.0,252.0,246.0,267.0,233.0,212.0,273.0,246.0,252.0,222.0,202.0,231.0,234.0,229.0,242.0,246.0,222.0,249.0,232.0,228.0,223.0,260.0,258.0,241.0,242.0,246.0,231.0,246.0,231.0
173.55778894472363,227.0,208.0,249.0,229.0,217.0,225.0,238.0,235.0,215.0,212.0,238.0,214.0,256.0,241.0,232.0,276.0,246.0,247.0,264.0,204.0,217.0,216.0,217.0,245.0,230.0,217.0,243.0,250.0,252.0,226.0,230.0,258.0,253.0,250.0,247.0,246.0,212.0,231.0,216.0,227.0,231.0,238.0,192.0,222.0,254.0,267.0,209.0,242.0,243.0,240.0
173.5678391959799,230.0,224.0,236.0,216.0,207.0,257.0,216.0,234.0,230.0,248.0,237.0,243.0,255.0,260.0,274.0,227.0,236.0,248.0,213.0,237.0,246.0,245.0,238.0,234.0,204.0,246.0,240.0,251.0,230.0,239.0,242.0,239.0,226.0,241.0,226.0,227.0,228.0,214.0,225.0,236.0,221.0,231.0,246.0,229.0,224.0,232.0,245.0,223.0,253.0,243.0
173.57788944723617,225.0,237.0,261.0,230.0,234.0,254.0,226.0,225.0,215.0,213.0,189.0,224.0,221.0,221.0,230.0,256.0,232.0,253.0,239.0,255.0,219.0,259.0,230.0,233.0,242.0,232.0,238.0,244.0,235.0,229.0,221.0,239.0,222.0,242.0,229.0,266.0,247.0,225.0,236.0,239.0,222.0,223.0,250.0,251.0,223.0,228.0,245.0,239.0,249.0,228.0
173.58793969849245,262.0,249.0,212.0,222.0,255.0,236.0,232.0,230.0,259.0,254.0,232.0,233.0,260.0,239.0,244.0,213.0,233.0,255.0,224.0,231.0,262.0,229.0,221.0,246.0,222.0,235.0,238.0,235.0,252.0,244.0,233.0,208.0,227.0,251.0,206.0,236.0,240.0,243.0,217.0,254.0,235.0,246.0,241.0,251.0,222.0,245.0,265.0,257.0,255.0,230.0
173.59798994974875,241.0,224.0,235.0,247.0,245.0,284.0,243.0,258.0,229.0,221.0,227.0,241.0,237.0,267.0,240.0,265.0,225.0,228.0,218.0,260.0,215.0,239.0,224.0,251.0,234.0,248.0,216.0,246.0,228.0,240.0,228.0,218.0,249.0,226.0,233.0,238.0,245.0,250.0,229.0,205.0,236.0,254.0,245.0,248.0,247.0,217.0,271.0,236.0,213.0,237.0
173.60804020100502,222.0,240.0,232.0,264.0,250.0,246.0,258.0,241.0,246.0,232.0,256.0,261.0,229.0,237.0,258.0,224.0,232.0,246.0,231.0,220.0,249.0,241.0,241.0,222.0,247.0,256.0,256.0,236.0,222.0,247.0,262.0,245.0,219.0,233.0,224.0,244.0,247.0,236.0,246.0,239.0,208.0,232.0,257.0,226.0,261.0,251.0,232.0,250.0,250.0,235.0
173.6180904522613,246.0,222.0,224.0,243.0,204.0,230.0,253.0,254.0,243.0,283.0,265.0,227.0,225.0,231.0,237.0,240.0,261.0,229.0,238.0,257.0,211.0,235.0,250.0,247.0,228.0,242.0,236.0,232.0,253.0,249.0,231.0,279.0,211.0,216.0,226.0,231.0,247.0,251.0,226.0,222.0,225.0,239.0,245.0,250.0,253.0,213.0,214.0,267.0,262.0,238.0
173.6281407035176,268.0,216.0,222.0,245.0,236.0,243.0,238.0,236.0,267.0,245.0,252.0,255.0,262.0,239.0,239.0,225.0,258.0,226.0,252.0,232.0,257.0,220.0,235.0,213.0,243.0,248.0,272.0,231.0,264.0,238.0,244.0,221.0,225.0,241.0,244.0,256.0,232.0,279.0,241.0,254.0,240.0,211.0,220.0,217.0,223.0,216.0,213.0,248.0,242.0,239.0
173.63819095477388,232.0,233.0,228.0,262.0,246.0,232.0,227.0,234.0,230.0,230.0,241.0,249.0,249.0,245.0,235.0,221.0,242.0,228.0,248.0,220.0,250.0,223.0,246.0,219.0,249.0,226.0,222.0,217.0,284.0,227.0,247.0,243.0,262.0,257.0,230.0,216.0,226.0,271.0,232.0,218.0,206.0,222.0,253.0,220.0,234.0,255.0,253.0,213.0,281.0,231.0
173.64824120603015,208.0,218.0,249.0,252.0,277.0,233.0,222.0,250.0,229.0,243.0,244.0,250.0,238.0,226.0,256.0,246.0,235.0,243.0,235.0,224.0,222.0,240.0,208.0,239.0,243.0,191.0,241.0,229.0,229.0,235.0,235.0,221.0,246.0,236.0,240.0,234.0,252.0,244.0,213.0,250.0,239.0,231.0,236.0,221.0,228.0,259.0,260.0,212.0,252.0,234.0
173.65829145728642,222.0,259.0,248.0,249.0,249.0,255.0,213.0,219.0,244.0,214.0,217.0,240.0,237.0,243.0,245.0,250.0,212.0,231.0,225.0,240.0,234.0,224.0,241.0,248.0,226.0,229.0,229.0,208.0,259.0,242.0,248.0,245.0,234.0,227.0,248.0,242.0,241.0,237.0,242.0,249.0,246.0,208.0,223.0,225.0,252.0,208.0,218.0,218.0,239.0,216.0
173.66834170854273,223.0,223.0,206.0,240.0,233.0,226.0,249.0,241.0,227.0,227.0,286.0,233.0,247.0,221.0,239.0,250.0,236.0,237.0,240.0,236.0,249.0,226.0,244.0,220.0,207.0,247.0,240.0,256.0,248.0,230.0,244.0,218.0,237.0,226.0,230.0,204.0,196.0,225.0,234.0,252.0,219.0,245.0,232.0,245.0,242.0,225.0,231.0,244.0,241.0,236.0
173.678391959799,232.0,234.0,241.0,248.0,234.0,235.0,259.0,242.0,235.0,268.0,249.0,236.0,235.0,251.0,241.0,239.0,248.0,243.0,232.0,247.0,259.0,253.0,230.0,233.0,262.0,232.0,232.0,229.0,258.0,232.0,253.0,230.0,266.0,254.0,213.0,215.0,246.0,250.0,262.0,218.0,249.0,242.0,263.0,224.0,236.0,237.0,233.0,228.0,247.0,237.0
173.68844221105527,220.0,206.0,227.0,224.0,221.0,233.0,208.0,233.0,224.0,235.0,243.0,284.0,243.0,277.0,219.0,242.0,225.0,228.0,238.0,244.0,212.0,215.0,251.0,262.0,212.0,235.0,222.0,238.0,239.0,230.0,247.0,232.0,232.0,229.0,252.0,235.0,233.0,254.0,263.0,225.0,251.0,240.0,253.0,232.0,249.0,219.0,225.0,264.0,261.0,216.0
173.69849246231155,238.0,240.0,220.0,249.0,234.0,255.0,222.0,207.0,235.0,245.0,222.0,218.0,237.0,255.0,246.0,219.0,251.0,250.0,254.0,256.0,229.0,204.0,233.0,227.0,240.0,259.0,250.0,238.0,239.0,265.0,264.0,243.0,242.0,255.0,221.0,259.0,236.0,259.0,246.0,252.0,238.0,236.0,228.0,241.0,209.0,233.0,230.0,243.0,243.0,234.0
173.70854271356785,242.0,220.0,257.0,277.0,231.0,249.0,243.0,228.0,235.0,225.0,235.0,237.0,240.0,232.0,276.0,242.0,198.0,236.0,247.0,231.0,240.0,223.0,218.0,245.0,227.0,241.0,241.0,237.0,229.0,262.0,255.0,245.0,244.0,226.0,234.0,221.0,228.0,243.0,236.0,276.0,256.0,234.0,215.0,245.0,232.0,253.0,237.0,249.0,222.0,229.0
173.71859296482413,241.0,233.0,213.0,272.0,268.0,229.0,219.0,244.0,242.0,247.0,251.0,252.0,243.0,233.0,221.0,257.0,220.0,233.0,251.0,255.0,220.0,244.0,219.0,245.0,247.0,262.0,238.0,238.0,218.0,248.0,246.0,234.0,243.0,260.0,241.0,238.0,216.0,243.0,221.0,225.0,244.0,248.0,228.0,255.0,206.0,217.0,252.0,233.0,242.0,210.0
173.7286432160804,226.0,228.0,228.0,240.0,236.0,253.0,245.0,227.0,235.0,215.0,251.0,226.0,231.0,255.0,235.0,244.0,234.0,229.0,224.0,244.0,257.0,222.0,240.0,245.0,224.0,243.0,219.0,239.0,254.0,243.0,237.0,231.0,231.0,260.0,252.0,234.0,268.0,232.0,237.0,250.0,233.0,247.0,258.0,256.0,239.0,229.0,243.0,248.0,241.0,252.0
173.73869346733667,245.0,254.0,252.0,228.0,222.0,247.0,225.0,252.0,232.0,258.0,234.0,243.0,259.0,218.0,231.0,225.0,244.0,213.0,228.0,243.0,255.0,252.0,266.0,268.0,247.0,253.0,221.0,273.0,231.0,237.0,234.0,272.0,246.0,245.0,232.0,231.0,231.0,236.0,237.0,243.0,272.0,229.0,231.0,226.0,247.0,257.0,233.0,218.0,227.0,234.0
173.74874371859298,246.0,217.0,242.0,260.0,222.0,254.0,226.0,242.0,252.0,232.0,270.0,287.0,235.0,237.0,227.0,195.0,205.0,224.0,245.0,229.0,240.0,261.0,254.0,249.0,249.0,252.0,229.0,237.0,246.0,249.0,215.0,266.0,235.0,247.0,236.0,214.0,234.0,236.0,257.0,232.0,232.0,256.0,218.0,227.0,250.0,220.0,248.0,276.0,246.0,270.0
173.75879396984925,255.0,237.0,241.0,258.0,232.0,265.0,222.0,252.0,239.0,240.0,226.0,242.0,262.0,236.0,232.0,225.0,246.0,250.0,259.0,238.0,280.0,235.0,237.0,241.0,228.0,271.0,233.0,229.0,253.0,237.0,248.0,249.0,248.0,236.0,220.0,244.0,241.0,278.0,247.0,237.0,240.0,233.0,229.0,257.0,226.0,213.0,239.0,203.0,238.0,266.0
173.76884422110552,255.0,238.0,223.0,231.0,267.0,236.0,239.0,246.0,261.0,247.0,209.0,239.0,245.0,269.0,230.0,260.0,249.0,226.0,247.0,208.0,221.0,232.0,239.0,245.0,220.0,273.0,253.0,254.0,238.0,235.0,223.0,200.0,226.0,253.0,238.0,242.0,251.0,227.0,254.0,216.0,249.0,254.0,226.0,203.0,242.0,233.0,236.0,242.0,249.0,232.0
173.7788944723618,239.0,242.0,249.0,241.0,232.0,220.0,219.0,244.0,250.0,237.0,250.0,244.0,242.0,244.0,239.0,249.0,260.0,243.0,252.0,242.0,256.0,250.0,260.0,258.0,244.0,233.0,242.0,217.0,203.0,204.0,246.0,236.0,266.0,255.0,242.0,222.0,263.0,234.0,273.0,255.0,219.0,227.0,244.0,251.0,244.0,268.0,240.0,253.0,241.0,234.0
173.7889447236181,248.0,253.0,219.0,225.0,216.0,237.0,255.0,245.0,257.0,227.0,254.0,238.0,243.0,269.0,249.0,241.0,242.0,218.0,225.0,242.0,237.0,237.0,240.0,246.0,246.0,231.0,248.0,254.0,241.0,265.0,224.0,220.0,231.0,251.0,238.0,251.0,235.0,246.0,235.0,234.0,241.0,247.0,248.0,233.0,237.0,224.0,220.0,252.0,229.0,238.0
173.79899497487438,256.0,253.0,228.0,255.0,231.0,240.0,250.0,223.0,216.0,198.0,238.0,223.0,219.0,225.0,217.0,248.0,246.0,234.0,259.0,228.0,242.0,262.0,246.0,251.0,225.0,241.0,236.0,264.0,257.0,258.0,249.0,226.0,221.0,186.0,239.0,223.0,220.0,234.0,247.0,250.0,216.0,253.0,251.0,262.0,237.0,240.0,233.0,250.0,235.0,247.0
173.80904522613065,251.0,262.0,261.0,261.0,247.0,244.0,241.0,238.0,258.0,251.0,235.0,242.0,243.0,237.0,252.0,255.0,227.0,227.0,233.0,228.0,215.0,274.0,232.0,249.0,252.0,226.0,232.0,256.0,198.0,242.0,218.0,240.0,252.0,225.0,244.0,225.0,227.0,248.0,250.0,214.0,221.0,240.0,227.0,238.0,240.0,236.0,182.0,240.0,227.0,241.0
173.81909547738692,239.0,202.0,239.0,233.0,250.0,245.0,261.0,257.0,228.0,231.0,233.0,224.0,228.0,269.0,231.0,207.0,243.0,209.0,240.0,254.0,238.0,253.0,231.0,258.0,258.0,230.0,255.0,238.0,227.0,234.0,242.0,230.0,232.0,225.0,238.0,243.0,258.0,218.0,246.0,191.0,218.0,247.0,245.0,221.0,242.0,241.0,222.0,230.0,255.0,234.0
173.82914572864323,203.0,193.0,211.0,250.0,232.0,267.0,257.0,205.0,249.0,253.0,257.0,236.0,227.0,232.0,257.0,263.0,238.0,235.0,238.0,233.0,227.0,224.0,227.0,275.0,223.0,256.0,267.0,233.0,223.0,240.0,242.0,223.0,240.0,251.0,247.0,233.0,229.0,244.0,251.0,227.0,245.0,243.0,242.0,245.0,213.0,236.0,285.0,244.0,228.0,245.0
173.8391959798995,238.0,258.0,231.0,233.0,245.0,262.0,239.0,260.0,238.0,257.0,237.0,235.0,216.0,228.0,252.0,239.0,249.0,228.0,197.0,275.0,239.0,233.0,253.0,228.0,253.0,256.0,248.0,247.0,256.0,226.0,228.0,232.0,253.0,259.0,226.0,203.0,255.0,268.0,253.0,232.0,237.0,223.0,248.0,234.0,246.0,245.0,243.0,240.0,239.0,255.0
173.84924623115577,227.0,230.0,239.0,231.0,252.0,222.0,234.0,244.0,244.0,250.0,244.0,251.0,255.0,232.0,227.0,242.0,224.0,204.0,259.0,231.0,224.0,232.0,231.0,224.0,241.0,223.0,244.0,266.0,236.0,250.0,247.0,223.0,264.0,241.0,234.0,246.0,246.0,209.0,247.0,256.0,257.0,227.0,210.0,268.0,255.0,239.0,239.0,241.0,215.0,250.0
173.85929648241205,265.0,246.0,249.0,253.0,265.0,268.0,225.0,250.0,247.0,222.0,255.0,270.0,269.0,223.0,207.0,262.0,261.0,270.0,243.0,249.0,235.0,241.0,245.0,244.0,229.0,245.0,217.0,233.0,259.0,259.0,234.0,219.0,255.0,251.0,261.0,243.0,236.0,247.0,230.0,230.0,233.0,217.0,244.0,256.0,242.0,216.0,251.0,248.0,235.0,253.0
173.86934673366835,239.0,236.0,255.0,233.0,215.0,264.0,204.0,227.0,225.0,239.0,226.0,262.0,233.0,251.0,243.0,256.0,271.0,246.0,231.0,256.0,239.0,240.0,213.0,246.0,251.0,231.0,245.0,262.0,242.0,222.0,235.0,259.0,255.0,237.0,234.0,245.0,263.0,216.0,256.0,223.0,231.0,230.0,243.0,248.0,233.0,215.0,262.0,239.0,233.0,238.0
173.87939698492463,230.0,257.0,242.0,230.0,192.0,277.0,221.0,248.0,212.0,231.0,234.0,219.0,230.0,219.0,252.0,234.0,260.0,232.0,272.0,248.0,234.0,234.0,242.0,218.0,228.0,245.0,239.0,269.0,243.0,242.0,261.0,251.0,263.0,260.0,246.0,273.0,253.0,257.0,224.0,233.0,222.0,235.0,243.0,257.0,242.0,218.0,256.0,235.0,242.0,246.0
173.8894472361809,228.0,231.0,270.0,214.0,231.0,206.0,240.0,235.0,246.0,240.0,233.0,250.0,234.0,240.0,252.0,282.0,219.0,237.0,229.0,265.0,209.0,246.0,220.0,243.0,246.0,240.0,213.0,214.0,262.0,239.0,223.0,217.0,213.0,250.0,255.0,224.0,236.0,209.0,250.0,220.0,250.0,233.0,229.0,248.0,258.0,226.0,218.0,232.0,222.0,254.0
173.89949748743717,239.0,209.0,252.0,253.0,243.0,226.0,217.0,238.0,237.0,233.0,218.0,235.0,229.0,251.0,225.0,230.0,193.0,239.0,234.0,248.0,225.0,193.0,238.0,221.0,224.0,239.0,238.0,232.0,276.0,242.0,230.0,250.0,237.0,237.0,240.0,252.0,216.0,224.0,245.0,241.0,244.0,242.0,222.0,233.0,237.0,274.0,240.0,230.0,247.0,232.0
173.90954773869348,239.0,227.0,241.0,206.0,220.0,235.0,232.0,259.0,254.0,199.0,238.0,226.0,212.0,217.0,230.0,218.0,238.0,231.0,229.0,263.0,250.0,259.0,233.0,193.0,251.0,233.0,241.0,248.0,215.0,240.0,232.0,237.0,244.0,215.0,230.0,253.0,244.0,254.0,225.0,246.0,233.0,244.0,229.0,228.0,224.0,228.0,257.0,225.0,202.0,269.0
173.91959798994975,250.0,227.0,223.0,239.0,233.0,223.0,257.0,221.0,235.0,247.0,255.0,242.0,233.0,249.0,235.0,261.0,226.0,228.0,244.0,224.0,232.0,224.0,232.0,221.0,230.0,238.0,230.0,260.0,244.0,233.0,211.0,195.0,228.0,219.0,247.0,241.0,227.0,235.0,236.0,229.0,241.0,258.0,242.0,232.0,242.0,226.0,241.0,237.0,216.0,236.0
173.92964824120602,224.0,240.0,239.0,219.0,236.0,212.0,251.0,220.0,223.0,212.0,273.0,238.0,250.0,282.0,227.0,249.0,233.0,232.0,252.0,199.0,244.0,239.0,232.0,278.0,220.0,227.0,236.0,244.0,267.0,239.0,223.0,212.0,248.0,267.0,216.0,253.0,238.0,238.0,246.0,252.0,227.0,230.0,237.0,243.0,257.0,257.0,275.0,223.0,222.0,233.0
173.9396984924623,243.0,239.0,224.0,257.0,235.0,266.0,234.0,245.0,258.0,248.0,239.0,205.0,261.0,231.0,242.0,249.0,241.0,226.0,235.0,238.0,241.0,248.0,232.0,215.0,247.0,253.0,228.0,244.0,240.0,251.0,265.0,255.0,242.0,224.0,215.0,234.0,208.0,254.0,254.0,211.0,208.0,233.0,262.0,230.0,251.0,237.0,226.0,247.0,222.0,210.0
173.9497487437186,248.0,270.0,224.0,250.0,232.0,247.0,235.0,231.0,220.0,243.0,252.0,226.0,246.0,235.0,247.0,220.0,221.0,252.0,243.0,254.0,211.0,238.0,242.0,232.0,256.0,238.0,233.0,252.0,253.0,220.0,263.0,227.0,261.0,260.0,259.0,243.0,212.0,234.0,244.0,272.0,266.0,247.0,247.0,266.0,233.0,268.0,220.0,246.0,246.0,254.0
173.95979899497488,236.0,242.0,222.0,249.0,240.0,260.0,245.0,254.0,220.0,225.0,213.0,256.0,234.0,248.0,226.0,251.0,244.0,263.0,241.0,224.0,231.0,268.0,219.0,232.0,225.0,233.0,220.0,230.0,251.0,239.0,270.0,209.0,273.0,246.0,249.0,237.0,217.0,244.0,225.0,235.0,236.0,216.0,233.0,254.0,249.0,231.0,222.0,222.0,242.0,233.0
173.96984924623115,246.0,252.0,244.0,224.0,270.0,268.0,232.0,266.0,249.0,227.0,231.0,244.0,247.0,233.0,257.0,228.0,228.0,244.0,246.0,241.0,245.0,240.0,229.0,214.0,246.0,214.0,213.0,241.0,254.0,241.0,240.0,232.0,242.0,219.0,222.0,246.0,248.0,217.0,224.0,241.0,257.0,249.0,228.0,256.0,252.0,266.0,226.0,277.0,222.0,232.0
173.97989949748742,243.0,235.0,223.0,237.0,253.0,211.0,261.0,253.0,237.0,214.0,248.0,243.0,228.0,228.0,227.0,224.0,227.0,230.0,232.0,239.0,255.0,225.0,240.0,202.0,244.0,232.0,256.0,241.0,259.0,231.0,223.0,239.0,240.0,242.0,253.0,232.0,248.0,236.0,249.0,251.0,219.0,231.0,253.0,230.0,245.0,251.0,247.0,232.0,225.0,231.0
173.98994974874373,241.0,230.0,238.0,213.0,254.0,228.0,239.0,233.0,238.0,230.0,255.0,220.0,239.0,251.0,222.0,250.0,244.0,239.0,250.0,257.0,209.0,251.0,239.0,229.0,245.0,226.0,243.0,218.0,246.0,245.0,239.0,235.0,241.0,219.0,240.0,255.0,240.0,226.0,234.0,265.0,242.0,230.0,251.0,228.0,265.0,253.0,245.0,226.0,223.0,233.0
174.0,245.0,247.0,265.0,251.0,207.0,252.0,231.0,217.0,248.0,249.0,240.0,211.0,255.0,252.0,250.0,224.0,276.0,233.0,216.0,228.0,234.0,227.0,244.0,249.0,262.0,255.0,255.0,257.0,219.0,250.0,248.0,231.0,256.0,234.0,252.0,226.0,224.0,254.0,236.0,220.0,243.0,238.0,249.0,244.0,256.0,225.0,218.0,269.0,262.0,235.0
